City_ID,City,Lat,Lng,Max Temp,Humidity,Cloudiness,Wind Speed,Country,Date
0,Atuona,-9.8,-139.0333,77.81,72,32,19.3,PF,2022-06-28 23:02:36
1,Rovaniemi,66.5,25.7167,65.61,55,0,8.05,FI,2022-06-28 23:01:53
2,Hobart,-42.8794,147.3294,50.25,81,75,9.22,AU,2022-06-28 23:05:22
3,Kuandian,40.7286,124.7847,69.22,98,100,1.79,CN,2022-06-28 23:05:22
4,Bembereke,10.2283,2.6634,74.61,84,7,5.97,BJ,2022-06-28 23:05:23
5,Pendleton,45.6721,-118.7886,86.79,24,4,4.0,US,2022-06-28 23:01:38
6,Albany,42.6001,-73.9662,76.46,49,19,4.21,US,2022-06-28 23:05:24
7,Nikolskoye,59.7035,30.7861,66.09,66,2,5.06,RU,2022-06-28 23:05:24
8,Vardo,70.3705,31.1107,71.58,60,37,17.27,NO,2022-06-28 23:05:25
9,Port Elizabeth,-33.918,25.5701,56.32,60,0,3.0,ZA,2022-06-28 23:01:05
10,Ushuaia,-54.8,-68.3,32.63,99,83,2.3,AR,2022-06-28 23:01:51
11,Busselton,-33.65,115.3333,46.67,85,0,9.28,AU,2022-06-28 23:00:29
12,Ribeira Grande,38.5167,-28.7,67.41,91,94,6.89,PT,2022-06-28 23:05:26
13,Flinders,-34.5833,150.8552,55.38,77,85,6.51,AU,2022-06-28 23:05:26
14,Thompson,55.7435,-97.8558,64.45,36,97,9.13,CA,2022-06-28 23:04:53
15,Saskylakh,71.9167,114.0833,53.96,43,3,11.83,RU,2022-06-28 23:05:27
16,Ca Mau,9.1769,105.15,78.76,90,100,4.41,VN,2022-06-28 23:05:27
17,Bluff,-46.6,168.3333,47.8,80,91,17.94,NZ,2022-06-28 23:05:28
18,Severo-Kurilsk,50.6789,156.125,45.91,94,100,14.18,RU,2022-06-28 23:05:28
19,Norman Wells,65.282,-126.8329,81.39,27,100,9.46,CA,2022-06-28 23:05:29
20,Hermanus,-34.4187,19.2345,62.15,49,10,9.71,ZA,2022-06-28 23:05:29
21,Butaritari,3.0707,172.7902,82.38,78,100,16.55,KI,2022-06-28 23:05:30
22,Vaini,-21.2,-175.2,77.16,94,75,4.61,TO,2022-06-28 23:05:30
23,Lagoa,39.05,-27.9833,66.06,94,100,9.82,PT,2022-06-28 23:03:10
24,Pevek,69.7008,170.3133,37.87,99,100,4.61,RU,2022-06-28 23:05:31
25,Vaitape,-16.5167,-151.75,79.81,75,16,19.95,PF,2022-06-28 23:05:32
26,Tasiilaq,65.6145,-37.6368,42.96,63,79,6.11,GL,2022-06-28 23:05:32
27,Avarua,-21.2078,-159.775,84.25,61,7,3.44,CK,2022-06-28 23:05:33
28,Chokurdakh,70.6333,147.9167,47.75,47,25,12.71,RU,2022-06-28 23:01:14
29,Ust-Barguzin,53.45,108.9833,55.2,76,40,0.85,RU,2022-06-28 23:05:33
30,Nanortalik,60.1432,-45.2371,45.54,72,100,18.81,GL,2022-06-28 23:03:52
31,Babstovo,48.1167,132.4833,71.47,76,0,2.44,RU,2022-06-28 23:05:34
32,Peterhead,57.5058,-1.7981,56.44,93,100,18.19,GB,2022-06-28 23:05:34
33,New Norfolk,-42.7826,147.0587,49.91,78,100,1.01,AU,2022-06-28 23:05:35
34,Mogilno,52.6581,17.9558,62.02,85,99,7.81,PL,2022-06-28 23:05:35
35,Rikitea,-23.1203,-134.9692,72.0,77,60,25.23,PF,2022-06-28 23:05:36
36,Mildura,-34.2,142.15,43.07,88,100,8.01,AU,2022-06-28 23:05:36
37,Batesville,35.7698,-91.641,85.08,35,0,8.05,US,2022-06-28 23:04:58
38,Erenhot,43.6475,111.9767,67.95,64,97,3.67,CN,2022-06-28 23:05:22
39,Eyl,7.9803,49.8164,78.1,68,67,29.68,SO,2022-06-28 23:05:37
40,Alta Floresta,-9.8756,-56.0861,75.4,46,4,2.21,BR,2022-06-28 23:05:38
41,Nabire,-3.3667,135.4833,77.9,87,81,1.83,ID,2022-06-28 23:05:38
42,Birjand,32.8663,59.2211,79.12,16,0,16.49,IR,2022-06-28 23:05:39
43,Mataura,-46.1927,168.8643,47.48,81,98,6.35,NZ,2022-06-28 23:05:39
44,Lucapa,-8.4192,20.7447,61.79,41,16,4.83,AO,2022-06-28 23:05:39
45,Cape Town,-33.9258,18.4232,62.38,52,0,1.99,ZA,2022-06-28 23:03:05
46,Staroaleyskoye,51.0061,82.0,55.53,65,0,10.45,RU,2022-06-28 23:05:40
47,Rudnogorsk,57.2639,103.7519,60.55,77,100,3.0,RU,2022-06-28 23:05:40
48,Altea,38.5989,-0.0514,79.63,80,0,1.99,ES,2022-06-28 23:05:41
49,Jamestown,42.097,-79.2353,69.03,54,0,1.99,US,2022-06-28 23:01:05
50,Iqaluit,63.7506,-68.5145,50.7,50,100,11.01,CA,2022-06-28 23:05:41
51,Khatanga,71.9667,102.5,54.03,45,9,11.97,RU,2022-06-28 23:05:42
52,Arraial Do Cabo,-22.9661,-42.0278,68.94,78,14,25.28,BR,2022-06-28 23:05:42
53,Itarema,-2.9248,-39.9167,77.54,78,21,11.43,BR,2022-06-28 23:05:43
54,Coos Bay,43.3665,-124.2179,72.32,86,40,8.05,US,2022-06-28 23:05:43
55,Segezha,63.7415,34.3222,46.67,79,0,6.04,RU,2022-06-28 23:05:44
56,Talaya,61.3833,152.75,74.91,41,5,14.14,RU,2022-06-28 23:05:44
57,Ondjiva,-17.0667,15.7333,57.49,46,14,11.9,AO,2022-06-28 23:05:45
58,Chuy,-33.6971,-53.4616,49.89,88,100,5.26,UY,2022-06-28 23:02:34
59,Upernavik,72.7868,-56.1549,38.77,79,14,9.22,GL,2022-06-28 23:05:15
60,Kodiak,57.79,-152.4072,69.31,52,0,5.75,US,2022-06-28 23:05:46
61,Lompoc,34.6391,-120.4579,97.79,59,0,17.27,US,2022-06-28 23:05:46
62,Amberieu-En-Bugey,45.9589,5.3432,71.06,90,100,3.2,FR,2022-06-28 23:05:47
63,Castro,-24.7911,-50.0119,55.29,91,0,4.18,BR,2022-06-28 23:05:47
64,Kargasok,59.0556,80.8572,52.88,86,100,6.82,RU,2022-06-28 23:05:48
65,Fukue,32.6881,128.8419,77.97,88,100,20.0,JP,2022-06-28 23:05:48
66,Puerto Ayora,-0.7393,-90.3518,70.56,90,23,8.01,EC,2022-06-28 23:02:41
67,Hilo,19.7297,-155.09,83.28,71,100,8.01,US,2022-06-28 23:05:49
68,Hofn,64.2539,-15.2082,50.92,87,100,11.79,IS,2022-06-28 23:05:49
69,Vila Velha,-20.3297,-40.2925,67.95,82,0,4.61,BR,2022-06-28 23:05:49
70,Victoria,22.2855,114.1577,85.32,86,99,3.0,HK,2022-06-28 23:02:31
71,Yellowknife,62.456,-114.3525,64.51,49,94,17.49,CA,2022-06-28 23:05:50
72,Lazaro Cardenas,17.9583,-102.2,84.13,66,100,6.02,MX,2022-06-28 23:05:50
73,Goderich,43.7501,-81.7165,74.91,68,1,13.35,CA,2022-06-28 23:05:17
74,Ancud,-41.8697,-73.8203,53.22,94,100,18.01,CL,2022-06-28 23:04:28
75,Kaitangata,-46.2817,169.8464,42.62,72,100,7.94,NZ,2022-06-28 23:05:52
76,Port Lincoln,-34.7333,135.8667,54.93,75,68,9.66,AU,2022-06-28 23:05:52
77,Georgetown,5.4112,100.3354,81.9,86,20,0.0,MY,2022-06-28 23:05:53
78,Kerchevskiy,59.946,56.2884,42.08,87,94,9.04,RU,2022-06-28 23:05:53
79,Cidreira,-30.1811,-50.2056,62.73,91,100,5.95,BR,2022-06-28 23:02:35
80,Tuktoyaktuk,69.4541,-133.0374,55.04,55,73,11.32,CA,2022-06-28 23:03:27
81,Klaksvik,62.2266,-6.589,52.72,98,100,23.02,FO,2022-06-28 23:02:46
82,Puerto Escondido,15.85,-97.0667,86.83,58,40,6.91,MX,2022-06-28 23:05:54
83,Leningradskiy,69.3833,178.4167,59.47,65,99,7.02,RU,2022-06-28 23:05:54
84,Milyutinskaya,48.6279,41.6679,72.16,85,69,13.56,RU,2022-06-28 23:05:55
85,Udachnyy,66.4167,112.4,52.45,61,99,14.47,RU,2022-06-28 23:05:55
86,Carnarvon,-24.8667,113.6333,61.61,50,0,20.51,AU,2022-06-28 23:02:40
87,Port Alfred,-33.5906,26.891,62.82,39,0,7.99,ZA,2022-06-28 23:05:14
88,Rio Grande,-32.035,-52.0986,50.11,95,100,16.37,BR,2022-06-28 23:05:56
89,Bengkulu,-3.8004,102.2655,74.17,92,100,3.2,ID,2022-06-28 23:05:56
90,Punta Arenas,-53.15,-70.9167,39.11,86,100,13.38,CL,2022-06-28 23:01:22
91,Dikson,73.5069,80.5464,32.49,97,92,16.31,RU,2022-06-28 23:05:57
92,Ahuimanu,21.4447,-157.8378,85.71,64,75,23.02,US,2022-06-28 23:05:58
93,Christiana,-27.914,25.1611,47.48,44,0,6.64,ZA,2022-06-28 23:05:58
94,The Valley,18.217,-63.0578,83.1,74,40,16.11,AI,2022-06-28 23:05:58
95,Fortuna,40.5982,-124.1573,72.86,64,0,8.99,US,2022-06-28 23:05:59
96,Bairiki,1.3292,172.9752,86.0,70,20,13.8,KI,2022-06-28 23:05:59
97,Namibe,-15.1961,12.1522,67.57,69,7,3.78,AO,2022-06-28 23:05:13
98,Aklavik,68.2191,-135.0107,79.21,33,36,16.35,CA,2022-06-28 23:06:00
99,Saint George,37.1041,-113.5841,102.79,13,0,13.8,US,2022-06-28 23:03:08
100,Ken Caryl,39.5773,-105.1169,92.55,13,64,15.08,US,2022-06-28 23:06:00
101,Santarem,-2.4431,-54.7083,78.93,94,40,1.14,BR,2022-06-28 23:06:01
102,Lashio,22.9333,97.75,67.5,100,100,0.2,MM,2022-06-28 23:06:01
103,Abnub,27.2696,31.1511,82.02,31,0,7.23,EG,2022-06-28 23:06:02
104,Hambantota,6.1241,81.1185,79.2,80,3,18.16,LK,2022-06-28 23:06:03
105,Lebu,-37.6167,-73.65,53.78,92,100,22.59,CL,2022-06-28 23:03:55
106,Waddan,29.1614,16.139,85.12,26,0,11.92,LY,2022-06-28 23:06:03
107,Espanola,35.9911,-106.0806,85.01,25,4,5.01,US,2022-06-28 23:06:04
108,Kapaa,22.0752,-159.319,84.52,69,20,12.66,US,2022-06-28 23:06:04
109,Champerico,14.3,-91.9167,86.54,74,11,8.03,GT,2022-06-28 23:06:05
110,Barrow,71.2906,-156.7887,46.42,93,100,4.61,US,2022-06-28 23:06:06
111,Abu Zabad,12.35,29.25,73.78,76,99,5.32,SD,2022-06-28 23:06:06
112,Guerrero Negro,27.9769,-114.0611,83.32,54,5,15.48,MX,2022-06-28 23:06:06
113,Sotnikovo,51.8845,107.4791,69.89,64,20,4.47,RU,2022-06-28 23:06:07
114,Laguna,38.421,-121.4238,104.14,18,0,9.22,US,2022-06-28 23:06:08
115,Pereira Barreto,-20.6383,-51.1092,71.44,46,0,5.93,BR,2022-06-28 23:04:28
116,Neuquen,-38.9516,-68.0591,62.49,31,86,24.16,AR,2022-06-28 23:05:18
117,Byron Bay,-28.65,153.6167,55.94,71,99,5.61,AU,2022-06-28 23:03:59
118,Vanimo,-2.6741,141.3028,78.91,82,88,5.12,PG,2022-06-28 23:01:20
119,Tarauaca,-8.1614,-70.7656,77.63,65,68,1.61,BR,2022-06-28 23:06:09
120,Wuzhou,23.4833,111.3167,77.11,94,99,1.52,CN,2022-06-28 23:06:10
121,Bredasdorp,-34.5322,20.0403,57.83,44,0,5.95,ZA,2022-06-28 23:06:10
122,Cabo San Lucas,22.8909,-109.9124,91.71,48,0,11.5,MX,2022-06-28 23:02:28
123,San Quintin,30.4833,-115.95,77.63,53,8,9.28,MX,2022-06-28 23:06:11
124,Gejiu,23.306,103.1635,58.46,97,100,0.6,CN,2022-06-28 23:06:12
125,Nova Aurora,-22.8667,-52.5667,67.15,61,1,1.86,BR,2022-06-28 23:06:12
126,San Angelo,31.4638,-100.437,93.42,41,20,15.01,US,2022-06-28 23:06:13
127,Fairbanks,64.8378,-147.7164,75.6,43,100,10.36,US,2022-06-28 23:06:13
128,Sanary-Sur-Mer,43.1178,5.8001,76.53,81,0,3.89,FR,2022-06-28 23:06:14
129,Constitucion,-35.3333,-72.4167,52.84,78,100,2.75,CL,2022-06-28 23:06:15
130,Hasaki,35.7333,140.8333,84.6,78,90,10.47,JP,2022-06-28 23:06:15
131,Garmsar,35.2182,52.3409,93.29,9,15,10.02,IR,2022-06-28 23:06:15
132,Apollonia,36.9716,24.7231,72.99,73,0,17.58,GR,2022-06-28 23:06:16
133,Tautira,-17.7333,-149.15,78.57,78,9,18.9,PF,2022-06-28 23:06:17
134,Port-Gentil,-0.7193,8.7815,73.36,88,75,9.22,GA,2022-06-28 23:06:17
135,Mitsamiouli,-11.3847,43.2844,75.6,70,7,9.51,KM,2022-06-28 23:06:18
136,Taywarah,33.35,64.4167,61.72,21,0,5.12,AF,2022-06-28 23:06:18
137,Tigil,57.8,158.6667,69.01,47,22,3.85,RU,2022-06-28 23:06:19
138,Peniche,39.3558,-9.3811,64.29,88,1,16.64,PT,2022-06-28 23:06:19
139,Lubao,14.9167,120.55,77.07,93,100,2.62,PH,2022-06-28 23:06:19
140,Suntar,62.1444,117.6319,55.89,85,89,5.08,RU,2022-06-28 23:06:20
141,Fukagawa,43.7081,142.0392,64.15,98,100,1.97,JP,2022-06-28 23:06:21
142,Demirci,39.0461,28.6589,57.33,81,1,6.24,TR,2022-06-28 23:06:21
143,Belebey,54.1167,54.1167,40.01,95,79,6.82,RU,2022-06-28 23:06:22
144,Antofagasta,-23.65,-70.4,67.21,62,2,8.52,CL,2022-06-28 23:06:03
145,Zyryanovsk,49.7386,84.2719,51.55,85,2,1.28,KZ,2022-06-28 23:06:24
146,Mar Del Plata,-38.0023,-57.5575,53.1,60,0,9.22,AR,2022-06-28 23:06:24
147,Saint-Philippe,-21.3585,55.7679,63.99,77,89,13.96,RE,2022-06-28 23:06:24
148,Teguise,29.0605,-13.564,66.42,68,75,19.57,ES,2022-06-28 23:04:25
149,Mugur-Aksy,50.35,90.5,51.42,81,36,1.12,RU,2022-06-28 23:06:25
150,Tombouctou,20.0,-3.0,100.63,18,36,8.86,ML,2022-06-28 23:06:26
151,Dodge City,37.7528,-100.0171,88.05,36,0,10.36,US,2022-06-28 23:02:17
152,Codrington,-38.2667,141.9667,44.8,65,44,16.53,AU,2022-06-28 23:06:27
153,Provideniya,64.3833,-173.3,42.91,93,100,8.95,RU,2022-06-28 23:06:27
154,Daru,-9.0763,143.2092,79.32,88,69,13.65,PG,2022-06-28 23:06:27
155,Saldanha,-33.0117,17.9442,63.23,48,0,12.93,ZA,2022-06-28 23:06:28
156,Ambilobe,-13.2,49.05,64.96,63,56,5.66,MG,2022-06-28 23:06:28
157,Aden,12.7794,45.0367,86.49,78,100,13.22,YE,2022-06-28 23:06:29
158,Innisfail,-17.5333,146.0333,68.09,90,100,6.64,AU,2022-06-28 23:06:29
159,Nizwa,22.9333,57.5333,85.26,60,8,0.85,OM,2022-06-28 23:06:30
160,Balkanabat,39.5108,54.3671,75.58,73,0,5.82,TM,2022-06-28 23:06:30
161,Pisco,-13.7,-76.2167,63.01,82,100,8.05,PE,2022-06-28 23:03:50
162,Todos Santos,23.45,-110.2167,79.45,81,85,6.58,MX,2022-06-28 23:06:31
163,Dingle,10.9995,122.6711,76.71,92,100,8.05,PH,2022-06-28 23:06:31
164,Cururupu,-1.8283,-44.8683,74.44,92,26,2.82,BR,2022-06-28 23:06:32
165,Baie-Comeau,49.2168,-68.1489,61.3,61,4,8.32,CA,2022-06-28 23:06:32
166,Port Hedland,-20.3167,118.5667,62.65,42,0,9.22,AU,2022-06-28 23:06:33
167,Campbell River,50.0163,-125.2446,68.59,60,56,14.54,CA,2022-06-28 23:06:33
168,Road Town,18.4167,-64.6167,82.49,78,40,12.66,VG,2022-06-28 23:06:34
169,Kalemie,-5.9475,29.1947,70.54,69,52,8.48,CD,2022-06-28 23:06:34
170,Yar-Sale,66.8333,70.8333,41.92,67,9,21.23,RU,2022-06-28 23:06:34
171,Camapua,-19.5314,-54.0439,69.46,48,0,5.21,BR,2022-06-28 23:06:35
172,Kahului,20.8947,-156.47,83.97,78,100,15.01,US,2022-06-28 23:01:56
173,Los Llanos De Aridane,28.6585,-17.9182,65.95,74,75,19.57,ES,2022-06-28 23:06:35
174,Tiksi,71.6872,128.8694,47.34,53,21,20.29,RU,2022-06-28 23:03:56
175,Adolfo Lopez Mateos,28.4667,-107.3,72.77,39,81,13.15,MX,2022-06-28 23:06:36
176,Kununurra,-15.7667,128.7333,62.58,63,76,11.5,AU,2022-06-28 23:06:37
177,Ilulissat,69.2167,-51.1,59.02,33,9,21.85,GL,2022-06-28 23:06:37
178,Yangjiang,21.85,111.9667,80.11,86,56,1.92,CN,2022-06-28 23:06:37
179,Nuuk,64.1835,-51.7216,40.05,98,100,5.86,GL,2022-06-28 23:06:38
180,Dmitriyevka,54.75,55.3333,45.95,94,61,9.8,RU,2022-06-28 23:06:38
181,Sangar,63.9242,127.4739,56.32,49,3,8.77,RU,2022-06-28 23:06:39
182,Iowa City,41.6611,-91.5302,83.75,36,0,13.8,US,2022-06-28 23:06:39
183,Hami,42.8,93.45,82.2,28,59,13.11,CN,2022-06-28 23:06:40
184,Bambanglipuro,-7.95,110.2833,75.7,72,78,4.9,ID,2022-06-28 23:06:40
185,San Isidro,-12.1167,-77.05,64.02,78,100,9.22,PE,2022-06-28 23:06:41
186,Kurumkan,54.3,110.3,77.14,48,57,1.52,RU,2022-06-28 23:06:41
187,Ponta Do Sol,32.6667,-17.1,68.0,52,7,6.38,PT,2022-06-28 23:05:04
188,Hauterive,46.0901,3.4459,60.76,85,0,2.64,FR,2022-06-28 23:06:42
189,Vila Franca Do Campo,37.7167,-25.4333,71.2,94,91,4.88,PT,2022-06-28 23:07:42
190,Zhigansk,66.7697,123.3711,47.14,53,2,12.86,RU,2022-06-28 23:07:43
191,Shubarshi,48.5872,57.1869,59.7,42,80,13.35,KZ,2022-06-28 23:07:43
192,Mount Isa,-20.7333,139.5,58.77,38,100,6.91,AU,2022-06-28 23:07:43
193,Nanakuli,21.3906,-158.1547,85.95,47,75,14.97,US,2022-06-28 23:07:44
194,Xicotencatl,23.0167,-98.8833,95.47,41,82,13.02,MX,2022-06-28 23:07:44
195,Kungurtug,50.5994,97.5228,57.58,95,85,1.34,RU,2022-06-28 23:07:45
196,Rudbar,30.15,62.6,92.79,12,3,8.72,AF,2022-06-28 23:07:45
197,San Patricio,28.017,-97.5169,87.66,46,100,14.81,US,2022-06-28 23:07:46
198,Sitka,57.0531,-135.33,66.09,63,20,14.97,US,2022-06-28 23:07:46
199,Roma,43.2128,-75.4557,72.73,56,0,8.05,US,2022-06-28 23:06:29
200,Berlevag,70.8578,29.0864,69.6,77,37,0.0,NO,2022-06-28 23:07:47
201,Qiyang,26.5911,111.8474,76.73,95,85,2.3,CN,2022-06-28 23:07:47
202,Nizhniy Kuranakh,58.8353,125.4869,72.55,61,6,2.35,RU,2022-06-28 23:07:48
203,Longyearbyen,78.2186,15.6401,46.24,81,100,3.44,SJ,2022-06-28 23:07:48
204,Manali,13.1667,80.2667,84.29,88,100,9.4,IN,2022-06-28 23:07:48
205,Chake Chake,-5.2459,39.7666,72.5,86,43,15.35,TZ,2022-06-28 23:07:49
206,Ternate,0.8,127.4,80.49,79,90,4.56,ID,2022-06-28 23:07:49
207,Chifeng,42.2683,118.9636,69.04,75,100,3.53,CN,2022-06-28 23:07:50
208,Lata,40.1629,-8.3327,54.23,98,4,2.84,PT,2022-06-28 23:07:50
209,Port Moresby,-9.4431,147.1797,79.77,72,99,1.59,PG,2022-06-28 23:07:50
210,Totolapa,18.5167,-96.1833,83.39,76,69,8.7,MX,2022-06-28 23:07:51
211,Cherskiy,68.75,161.3,43.47,84,100,5.77,RU,2022-06-28 23:07:51
212,Winsum,53.33,6.5208,64.38,81,2,10.31,NL,2022-06-28 23:07:52
213,Las Cruces,32.3123,-106.7783,91.51,33,0,7.0,US,2022-06-28 23:07:52
214,Kisangani,0.5167,25.2,69.44,80,100,1.34,CD,2022-06-28 23:07:53
215,Muros,42.7762,-9.0603,61.09,92,98,5.28,ES,2022-06-28 23:07:54
216,Vestmannaeyjar,63.4427,-20.2734,51.69,88,100,5.01,IS,2022-06-28 23:07:54
217,Mudgee,-32.5943,149.5871,41.05,100,40,0.0,AU,2022-06-28 23:07:55
218,Tila,17.4,-92.4833,79.25,85,35,2.37,MX,2022-06-28 23:07:55
219,Scarborough,54.2797,-0.4044,60.91,70,100,1.01,GB,2022-06-28 23:03:08
220,Kaura Namoda,12.5898,6.5779,78.64,55,71,18.7,NG,2022-06-28 23:07:56
221,Hithadhoo,-0.6,73.0833,82.22,73,98,4.94,MV,2022-06-28 23:07:56
222,Taltal,-25.4,-70.4833,61.36,67,0,2.3,CL,2022-06-28 23:07:56
223,Adra,36.7496,-3.0206,75.38,83,10,2.59,ES,2022-06-28 23:07:57
224,Aksu,41.1231,80.2644,77.9,35,94,1.99,CN,2022-06-28 23:07:57
225,Port Augusta,-32.5,137.7667,49.86,40,100,6.33,AU,2022-06-28 23:07:58
226,Hobyo,5.3505,48.5268,76.77,80,75,24.99,SO,2022-06-28 23:07:58
227,Disna,55.568,28.1971,63.79,96,100,5.97,BY,2022-06-28 23:07:59
228,Loukhi,66.0764,33.0381,42.55,77,2,5.7,RU,2022-06-28 23:07:59
229,Wanning,18.8003,110.3967,80.19,87,100,5.91,CN,2022-06-28 23:03:57
230,Coihaique,-45.5752,-72.0662,39.81,100,100,5.75,CL,2022-06-28 23:06:03
231,Svecha,58.2785,47.5164,42.75,80,29,6.76,RU,2022-06-28 23:08:00
232,Diapaga,12.0708,1.7889,80.08,57,48,8.46,BF,2022-06-28 23:08:00
233,Taoudenni,22.6783,-3.9836,102.24,8,14,13.11,ML,2022-06-28 23:08:01
234,Ponta Delgada,37.7333,-25.6667,71.51,100,75,8.05,PT,2022-06-28 23:08:01
235,Sliven,42.6858,26.3292,71.96,70,55,6.85,BG,2022-06-28 23:08:02
236,Cartagena,10.3997,-75.5144,82.02,78,40,8.05,CO,2022-06-28 23:04:53
237,Akhtanizovskaya,45.32,37.1,64.87,81,92,9.64,RU,2022-06-28 23:08:02
238,Abhar,36.1468,49.218,66.56,43,0,6.51,IR,2022-06-28 23:08:04
239,Alamosa,37.4695,-105.87,78.78,24,0,21.85,US,2022-06-28 23:08:04
240,Mahebourg,-20.4081,57.7,65.25,61,54,18.97,MU,2022-06-28 23:03:53
241,Geraldton,-28.7667,114.6,50.41,71,0,12.66,AU,2022-06-28 23:08:06
242,East London,-33.0153,27.9116,62.37,34,0,5.68,ZA,2022-06-28 23:06:30
243,Lerwick,60.1545,-1.1494,55.4,87,99,23.09,GB,2022-06-28 23:08:06
244,Marystown,47.1666,-55.1483,61.36,90,100,8.77,CA,2022-06-28 23:08:07
245,Nadym,65.5333,72.5167,39.52,70,57,24.61,RU,2022-06-28 23:08:07
246,Bendigo,-36.7667,144.2833,40.86,64,100,5.26,AU,2022-06-28 23:07:40
247,Ippy,6.2679,21.2247,67.48,94,94,2.84,CF,2022-06-28 23:08:08
248,Marsa Matruh,31.3525,27.2453,76.62,77,0,15.19,EG,2022-06-28 23:08:09
249,Gizo,-8.103,156.8419,81.77,73,85,5.41,SB,2022-06-28 23:08:10
250,Nova Russas,-4.7067,-40.5631,79.25,52,39,3.74,BR,2022-06-28 23:08:10
251,Lahij,13.1667,44.5833,84.96,53,100,5.5,YE,2022-06-28 23:08:11
252,Nyurba,63.2842,118.3319,53.8,69,99,7.58,RU,2022-06-28 23:08:11
253,Shingu,33.7333,135.9833,81.63,71,65,6.04,JP,2022-06-28 23:08:12
254,Butembo,0.15,29.2833,56.37,77,2,3.4,CD,2022-06-28 23:08:12
255,Esperance,-33.8667,121.9,55.74,76,94,9.62,AU,2022-06-28 23:08:13
256,Lavrentiya,65.5833,-171.0,47.48,83,94,15.79,RU,2022-06-28 23:08:13
257,La Ronge,55.1001,-105.2842,63.45,37,8,2.86,CA,2022-06-28 23:08:14
258,Hualmay,-11.0964,-77.6139,63.73,81,41,5.17,PE,2022-06-28 23:08:15
259,Pinhao,-25.6956,-51.6597,55.47,97,1,4.7,BR,2022-06-28 23:04:32
260,Port Blair,11.6667,92.75,82.04,78,91,7.83,IN,2022-06-28 23:08:15
261,Bolotnoye,55.6717,84.3981,51.85,87,68,6.26,RU,2022-06-28 23:08:16
262,Kamina,-8.7386,24.9906,56.23,60,63,5.97,CD,2022-06-28 23:08:17
263,Serik,36.9169,31.0989,79.75,56,34,4.7,TR,2022-06-28 23:08:17
264,Saint-Claude,46.5,5.8333,61.56,93,100,1.48,FR,2022-06-28 23:08:17
265,Evensk,61.95,159.2333,51.62,75,12,5.97,RU,2022-06-28 23:03:48
266,Hatillo,18.4863,-66.8254,84.11,83,76,11.01,PR,2022-06-28 23:08:18
267,Talnakh,69.4865,88.3972,52.21,36,100,3.74,RU,2022-06-28 23:08:20
268,Marathon,44.9,-89.7668,70.84,80,100,3.44,US,2022-06-28 23:07:34
269,Belmonte,-15.8631,-38.8828,69.13,72,7,6.91,BR,2022-06-28 23:08:20
270,Luchegorsk,46.4764,134.2569,62.85,89,100,3.15,RU,2022-06-28 23:08:21
271,Faanui,-16.4833,-151.75,79.81,75,17,19.98,PF,2022-06-28 23:08:21
272,Mitu,1.1983,-70.1733,74.3,93,56,1.36,CO,2022-06-28 23:08:22
273,Matay,28.419,30.7792,79.36,52,0,12.33,EG,2022-06-28 23:08:22
274,Qaanaaq,77.484,-69.3632,46.96,51,80,1.03,GL,2022-06-28 23:08:23
275,Ixtapa,20.7,-105.2,86.23,79,40,12.66,MX,2022-06-28 23:08:24
276,Padang,-0.9492,100.3543,75.27,85,52,3.6,ID,2022-06-28 23:08:24
277,Saint-Louis,16.3333,-15.0,90.54,32,22,13.18,SN,2022-06-28 23:08:25
278,San Cristobal,7.7669,-72.225,75.38,83,90,1.92,VE,2022-06-28 23:08:25
279,Gualeguay,-33.1416,-59.3097,50.83,66,61,6.96,AR,2022-06-28 23:03:50
280,Mogzon,51.7435,111.9606,71.06,49,3,2.37,RU,2022-06-28 23:08:27
281,Maurawan,26.4333,80.8833,82.44,58,86,7.18,IN,2022-06-28 23:08:27
282,Caravelas,-17.7125,-39.2481,67.03,67,54,3.62,BR,2022-06-28 23:08:27
283,Davila,18.4726,120.5763,82.78,78,85,2.04,PH,2022-06-28 23:08:28
284,Vallenar,-28.5708,-70.7581,64.31,22,0,2.8,CL,2022-06-28 23:08:28
285,Katherine,-14.4667,132.2667,61.12,88,40,8.05,AU,2022-06-28 23:08:29
286,Ostrovnoy,68.0531,39.5131,51.91,72,51,15.66,RU,2022-06-28 23:08:29
287,Nacogdoches,31.6002,-94.6335,94.64,28,0,5.75,US,2022-06-28 23:08:30
288,Tilichiki,60.4667,166.1,56.62,71,46,7.18,RU,2022-06-28 23:08:30
289,Bethel,41.3712,-73.414,78.03,53,20,5.75,US,2022-06-28 23:08:30
290,Batsfjord,70.6345,29.7185,69.58,68,41,14.97,NO,2022-06-28 23:08:31
291,Tsiroanomandidy,-18.7667,46.0333,50.31,69,1,3.85,MG,2022-06-28 23:08:31
292,Maluso,6.543,121.8753,81.57,79,100,8.37,PH,2022-06-28 23:08:32
293,Kattivakkam,13.2167,80.3167,84.29,88,100,10.25,IN,2022-06-28 23:08:32
294,Yining,29.0361,114.5636,76.08,95,50,2.08,CN,2022-06-28 23:08:33
295,Haysville,37.5645,-97.3523,88.34,37,0,12.66,US,2022-06-28 23:08:33
296,Nome,64.5011,-165.4064,59.16,76,75,6.91,US,2022-06-28 23:05:17
297,College,64.8569,-147.8028,75.58,44,100,10.36,US,2022-06-28 23:08:34
298,Santa Rosa,14.3122,121.1114,81.09,84,100,1.99,PH,2022-06-28 23:08:34
299,Kavieng,-2.5744,150.7967,82.83,69,98,7.99,PG,2022-06-28 23:08:35
300,Palmer,42.1584,-72.3287,78.4,50,20,0.0,US,2022-06-28 23:08:35
301,Bonavista,48.6499,-53.1147,60.6,87,79,16.02,CA,2022-06-28 23:08:36
302,Priyutovo,53.9,53.9333,40.62,93,57,7.47,RU,2022-06-28 23:08:36
303,Avera,33.194,-82.5271,73.45,84,97,7.23,US,2022-06-28 23:05:38
304,Springbok,-29.6643,17.8865,54.59,52,0,12.53,ZA,2022-06-28 23:08:37
305,Diffa,13.3154,12.6113,89.38,35,39,7.61,NE,2022-06-28 23:08:37
306,Souillac,-20.5167,57.5167,69.76,62,83,18.05,MU,2022-06-28 23:08:37
307,Bulaevo,54.9056,70.4439,46.38,93,92,8.08,KZ,2022-06-28 23:08:38
308,Sayyan,15.1718,44.3244,67.48,29,94,3.09,YE,2022-06-28 23:08:39
309,Novoagansk,61.9449,76.6625,46.17,94,98,9.86,RU,2022-06-28 23:08:40
310,Tuatapere,-46.1333,167.6833,47.1,87,98,7.14,NZ,2022-06-28 23:08:40
311,San Policarpo,12.1791,125.5072,79.02,81,100,4.72,PH,2022-06-28 23:08:40
312,Santa Maria Del Oro,25.9333,-105.3667,78.78,39,88,12.71,MX,2022-06-28 23:08:41
313,Sao Joao Da Barra,-21.6403,-41.0511,68.97,73,1,14.83,BR,2022-06-28 23:05:10
314,Srednekolymsk,67.45,153.6833,47.12,80,100,7.4,RU,2022-06-28 23:08:41
315,Hennenman,-27.9765,27.0242,43.77,44,0,3.96,ZA,2022-06-28 23:08:42
316,Maniitsoq,65.4167,-52.9,44.94,86,100,8.5,GL,2022-06-28 23:08:42
317,Remanso,-9.6179,-42.0831,75.58,50,4,7.0,BR,2022-06-28 23:08:43
318,Sandakan,5.8402,118.1179,76.33,92,100,3.76,MY,2022-06-28 23:08:43
319,Puerto Baquerizo Moreno,-0.9,-89.6,70.97,80,26,13.22,EC,2022-06-28 23:08:43
320,Bubaque,11.2833,-15.8333,79.92,84,100,8.99,GW,2022-06-28 23:08:44
321,Babugarh,28.7167,77.85,90.48,55,77,5.93,IN,2022-06-28 23:08:44
322,Urumqi,43.801,87.6005,68.95,68,0,2.24,CN,2022-06-28 23:06:02
323,Clyde River,70.4692,-68.5914,34.45,100,100,5.84,CA,2022-06-28 23:07:36
324,Ratnagiri,16.9833,73.3,79.74,88,84,9.06,IN,2022-06-28 23:08:45
325,Isangel,-19.55,169.2667,78.28,73,99,2.68,VU,2022-06-28 23:04:09
326,Ziro,27.6333,93.8333,58.68,100,100,0.51,IN,2022-06-28 23:08:46
327,Vostok,46.4856,135.8833,65.93,66,86,1.1,RU,2022-06-28 23:08:46
328,Shiyan,32.6475,110.7781,76.3,59,11,3.87,CN,2022-06-28 23:08:47
329,Bambous Virieux,-20.3428,57.7575,65.21,60,50,19.17,MU,2022-06-28 23:08:47
330,Jalingo,8.8833,11.3667,74.88,91,82,3.31,NG,2022-06-28 23:08:48
331,Terrak,65.087,12.3715,55.27,96,99,3.65,NO,2022-06-28 23:08:48
332,Najran,17.4924,44.1277,82.04,23,100,3.18,SA,2022-06-28 23:08:48
333,Terekli-Mekteb,44.1671,45.8698,73.8,47,94,6.64,RU,2022-06-28 23:08:49
334,Gravdal,68.1214,13.5031,60.89,81,49,10.38,NO,2022-06-28 23:08:49
335,Komsomolskiy,40.4272,71.7189,83.07,24,0,3.13,UZ,2022-06-28 23:08:50
336,Vanavara,60.34,102.2797,57.13,82,21,8.86,RU,2022-06-28 23:08:50
337,West Plains,36.7281,-91.8524,85.82,43,0,5.75,US,2022-06-28 23:08:50
338,Ust-Omchug,61.15,149.6333,66.54,53,12,9.82,RU,2022-06-28 23:08:51
339,Iracoubo,5.4802,-53.2011,77.09,87,78,7.83,GF,2022-06-28 23:08:52
340,Xuddur,4.1213,43.8894,70.65,78,96,18.23,SO,2022-06-28 23:08:52
341,Iskateley,67.6803,53.1512,40.06,82,97,15.64,RU,2022-06-28 23:08:52
342,Gwadar,25.1216,62.3254,82.44,85,39,7.05,PK,2022-06-28 23:08:53
343,Pacifica,37.6138,-122.4869,87.15,69,20,23.02,US,2022-06-28 23:08:53
344,Yulara,-25.2406,130.9889,49.95,66,100,7.83,AU,2022-06-28 23:08:54
345,Karasjok,69.4719,25.5112,67.89,75,15,9.19,NO,2022-06-28 23:08:54
346,Amapa,1.0,-52.0,72.45,97,64,1.36,BR,2022-06-28 23:08:54
347,Murgab,37.4966,61.9714,88.41,17,0,7.45,TM,2022-06-28 23:08:55
348,Eureka,40.8021,-124.1637,73.13,68,28,7.0,US,2022-06-28 23:05:54
349,Zhangye,38.9342,100.4517,73.0,26,12,7.94,CN,2022-06-28 23:08:55
350,Fuente De Oro,3.4594,-73.6128,76.14,86,25,3.15,CO,2022-06-28 23:08:56
351,Tura,25.5198,90.2201,72.84,98,100,4.47,IN,2022-06-28 23:08:56
352,Poum,-20.2333,164.0167,74.89,78,17,21.14,NC,2022-06-28 23:08:57
353,Alyangula,-13.8483,136.4192,75.43,62,99,18.99,AU,2022-06-28 23:08:57
354,Ozernovskiy,51.5,156.5167,48.94,88,97,5.66,RU,2022-06-28 23:08:58
355,Neenah,44.1858,-88.4626,75.54,66,100,11.5,US,2022-06-28 23:07:46
356,Ingham,42.6,-84.3833,79.02,41,0,6.91,US,2022-06-28 23:08:58
357,Shenjiamen,29.9576,122.298,75.72,95,98,21.41,CN,2022-06-28 23:08:58
358,Narsaq,60.9167,-46.05,57.42,91,100,1.07,GL,2022-06-28 23:08:59
359,Dicabisagan,17.0818,122.4157,78.35,92,100,9.86,PH,2022-06-28 23:08:59
360,Kletnya,53.3897,33.2171,65.21,94,99,6.64,RU,2022-06-28 23:09:00
361,Waingapu,-9.6567,120.2641,76.46,82,65,8.39,ID,2022-06-28 23:09:00
362,Kachiry,53.0675,76.1036,58.98,59,13,7.72,KZ,2022-06-28 23:09:01
363,Oriximina,-1.7656,-55.8661,77.94,81,86,3.71,BR,2022-06-28 23:09:01
364,Pochutla,15.7432,-96.4661,85.82,72,72,3.87,MX,2022-06-28 23:09:02
365,Lisakovsk,52.5369,62.4936,45.41,81,54,8.88,KZ,2022-06-28 23:09:02
366,Acarau,-2.8856,-40.12,77.76,77,13,12.95,BR,2022-06-28 23:09:03
367,Kavaratti,10.5669,72.642,82.0,78,100,21.23,IN,2022-06-28 23:10:04
368,Sobolevo,54.4299,31.8996,64.47,92,99,5.5,RU,2022-06-28 23:10:05
369,Dalvik,65.9702,-18.5286,50.65,90,91,2.35,IS,2022-06-28 23:05:32
370,Tanggu,39.0211,117.6469,73.36,73,53,4.97,CN,2022-06-28 23:10:06
371,Jampur,29.6441,70.5954,98.73,36,79,20.36,PK,2022-06-28 23:10:07
372,Uyuni,-20.4597,-66.825,43.74,45,0,3.94,BO,2022-06-28 23:10:07
373,Rosetta,31.4044,30.4164,74.8,79,0,7.52,EG,2022-06-28 23:10:08
374,Morondava,-20.2833,44.2833,67.05,51,0,16.06,MG,2022-06-28 23:10:09
375,Haines Junction,60.7522,-137.5108,82.53,25,67,1.86,CA,2022-06-28 23:08:18
376,Bonfim,3.0833,-59.95,75.52,86,94,2.53,BR,2022-06-28 23:10:10
377,Anadyr,64.75,177.4833,59.5,62,0,20.13,RU,2022-06-28 23:10:11
378,Marienburg,54.0359,19.0266,62.87,94,44,6.64,PL,2022-06-28 23:10:11
379,Ballina,-28.8667,153.5667,56.01,99,98,5.3,AU,2022-06-28 23:10:12
380,Sagua La Grande,22.8067,-80.0756,74.39,85,96,3.29,CU,2022-06-28 23:10:13
381,Katsuura,35.1333,140.3,78.33,83,69,17.96,JP,2022-06-28 23:10:13
382,Zhoucheng,35.9122,116.3117,78.85,75,62,6.98,CN,2022-06-28 23:10:14
383,Broken Hill,-31.95,141.4333,49.59,45,100,5.7,AU,2022-06-28 23:10:15
384,Kyshtovka,56.555,76.6271,52.61,92,100,9.69,RU,2022-06-28 23:10:16
385,Yuanping,38.7153,112.7575,67.14,73,22,2.55,CN,2022-06-28 23:10:16
386,Beringovskiy,63.05,179.3167,51.15,72,12,16.8,RU,2022-06-28 23:09:38
387,Tessalit,20.1986,1.0114,95.81,20,93,6.11,ML,2022-06-28 23:10:17
388,Khakhea,-24.6895,23.494,48.96,65,14,7.56,BW,2022-06-28 23:10:18
389,Chaihe,44.7667,129.7,64.85,87,97,6.71,CN,2022-06-28 23:10:18
390,Fare,-16.7,-151.0167,79.68,75,46,19.69,PF,2022-06-28 23:10:19
391,Contamana,-7.3333,-75.0167,80.13,59,17,3.62,PE,2022-06-28 23:10:20
392,Bhatkal,13.9667,74.5667,79.63,89,100,10.6,IN,2022-06-28 23:10:21
393,Churachandpur,24.3333,93.6667,67.37,100,100,1.59,IN,2022-06-28 23:10:22
394,Tabuk,17.4189,121.4443,74.93,97,100,4.99,PH,2022-06-28 23:10:23
395,Tateyama,34.9833,139.8667,76.28,89,66,17.85,JP,2022-06-28 23:10:23
396,Brae,60.3964,-1.353,54.95,86,94,20.74,GB,2022-06-28 23:10:24
397,Axim,4.8699,-2.2405,76.51,91,55,5.93,GH,2022-06-28 23:10:24
398,Antsohihy,-14.8796,47.9875,70.11,56,51,12.91,MG,2022-06-28 23:10:25
399,Manokwari,-0.8667,134.0833,80.55,72,26,4.47,ID,2022-06-28 23:09:01
400,Juli,-16.2167,-69.45,41.76,47,40,2.15,PE,2022-06-28 23:10:26
401,Luderitz,-26.6481,15.1594,70.23,35,0,23.82,NA,2022-06-28 23:10:27
402,Bonthe,7.5264,-12.505,73.71,93,100,3.22,SL,2022-06-28 23:10:27
403,Ginda,30.6945,78.4932,69.58,89,94,1.48,IN,2022-06-28 23:10:28
404,Marzuq,14.4,46.4667,80.78,40,85,1.7,YE,2022-06-28 23:10:28
405,Ust-Maya,60.4167,134.5333,71.38,59,67,3.74,RU,2022-06-28 23:10:28
406,Blagoyevo,63.3667,47.9167,41.25,77,6,5.7,RU,2022-06-28 23:10:29
407,Buraydah,26.326,43.975,84.74,15,13,8.14,SA,2022-06-28 23:10:29
408,Kadirli,37.3739,36.0961,72.41,71,2,3.09,TR,2022-06-28 23:10:30
409,Ewa Beach,21.3156,-158.0072,85.95,54,75,23.02,US,2022-06-28 23:10:31
410,Mabaruma,8.2,-59.7833,73.26,99,100,2.59,GY,2022-06-28 23:10:31
411,Raduzhnyy,62.0961,77.475,47.1,93,100,10.83,RU,2022-06-28 23:10:32
412,Beira,-19.8436,34.8389,68.14,75,80,14.61,MZ,2022-06-28 23:10:32
413,Suluq,31.6682,20.2521,81.25,38,0,7.72,LY,2022-06-28 23:10:32
414,Hare Bay,48.8499,-54.0148,72.19,77,86,10.83,CA,2022-06-28 23:10:33
415,Nouadhibou,20.931,-17.0347,68.95,80,4,26.73,MR,2022-06-28 23:10:33
416,Kuah,6.3265,99.8432,83.16,75,99,7.47,MY,2022-06-28 23:10:34
417,Uvalde,29.3669,-99.767,90.12,61,100,17.27,US,2022-06-28 23:10:34
418,Toguchin,55.2353,84.3858,52.84,84,80,6.08,RU,2022-06-28 23:10:35
419,Suzhou,31.3114,120.6181,79.52,87,96,2.39,CN,2022-06-28 23:08:30
420,Datong,40.0936,113.2914,66.04,71,81,3.69,CN,2022-06-28 23:10:35
421,Skelleftea,64.7507,20.9528,68.36,83,75,3.44,SE,2022-06-28 23:10:36
422,Nowe Miasto Lubawskie,53.4208,19.5952,60.98,96,77,6.98,PL,2022-06-28 23:10:36
423,North Myrtle Beach,33.816,-78.68,79.11,81,20,8.05,US,2022-06-28 23:10:11
424,Sunyani,7.3399,-2.3268,71.38,98,84,3.69,GH,2022-06-28 23:10:37
425,Mandalgovi,45.7625,106.2708,69.73,47,0,2.44,MN,2022-06-28 23:10:38
426,Clemencia,10.5665,-75.325,81.77,82,79,6.2,CO,2022-06-28 23:10:38
427,Telimele,10.9167,-13.3333,70.83,98,100,2.13,GN,2022-06-28 23:10:39
428,Belyy Yar,53.6039,91.3903,55.85,73,0,0.0,RU,2022-06-28 23:10:39
429,Paamiut,61.994,-49.6678,44.53,86,100,44.36,GL,2022-06-28 23:10:40
430,Tuensang,26.2833,94.8333,68.4,94,100,2.62,IN,2022-06-28 23:10:40
431,Bereda,43.2686,-7.5406,55.02,97,25,2.57,ES,2022-06-28 23:10:41
432,Tatawin,32.9297,10.4518,91.2,17,4,2.95,TN,2022-06-28 23:10:41
433,Pangai,-19.8,-174.35,78.26,88,7,14.32,TO,2022-06-28 23:10:42
434,Sumenep,-7.0167,113.8667,76.41,79,44,5.19,ID,2022-06-28 23:10:42
435,Soure,-0.7167,-48.5233,79.0,82,96,7.38,BR,2022-06-28 23:10:42
436,Lukovetskiy,64.2956,41.9211,40.26,79,3,4.0,RU,2022-06-28 23:10:43
437,Dubuque,42.4833,-90.8668,82.85,37,0,18.41,US,2022-06-28 23:10:43
438,Sao Filipe,14.8961,-24.4956,74.82,76,65,10.42,CV,2022-06-28 23:10:44
439,Airai,-8.9266,125.4092,59.95,93,86,4.16,TL,2022-06-28 23:10:44
440,Yenagoa,4.9247,6.2642,74.44,96,99,3.15,NG,2022-06-28 23:10:45
441,Beloha,-25.1667,45.05,61.81,67,14,12.24,MG,2022-06-28 23:10:45
442,Karur,10.95,78.0833,79.11,70,70,14.45,IN,2022-06-28 23:10:45
443,Batagay-Alyta,67.8006,130.4114,41.74,80,100,3.38,RU,2022-06-28 23:10:46
444,Olafsvik,64.8945,-23.7142,49.37,86,11,8.05,IS,2022-06-28 23:10:46
445,Mackay,-21.15,149.2,67.68,72,100,18.57,AU,2022-06-28 23:10:47
446,Jati,24.3539,68.2671,85.6,77,100,16.28,PK,2022-06-28 23:10:47
447,Akdagmadeni,39.6603,35.8836,52.39,87,59,1.48,TR,2022-06-28 23:10:48
448,Sturgis,41.7992,-85.4192,82.2,32,0,6.91,US,2022-06-28 23:10:48
449,Mercedes,-34.6515,-59.4307,53.04,50,41,5.88,AR,2022-06-28 23:10:49
450,Porto Novo,6.4965,2.6036,76.98,89,39,5.46,BJ,2022-06-28 23:10:49
451,Baixo Guandu,-19.5189,-41.0158,64.22,66,20,3.15,BR,2022-06-28 23:10:50
452,Kosh-Agach,50.0,88.6667,52.59,74,1,1.43,RU,2022-06-28 23:10:50
453,Rio Gallegos,-51.6226,-69.2181,38.39,78,98,22.19,AR,2022-06-28 23:07:12
454,Scottsbluff,41.8666,-103.6672,95.77,17,0,4.61,US,2022-06-28 23:10:51
455,Tyukhtet,56.5389,89.3011,55.76,83,94,4.27,RU,2022-06-28 23:10:51
456,Honiara,-9.4333,159.95,84.52,64,41,6.53,SB,2022-06-28 23:10:51
457,Solnechnyy,50.7214,136.6319,71.69,71,98,4.0,RU,2022-06-28 23:10:52
458,Manta,-0.95,-80.7333,76.78,78,20,16.11,EC,2022-06-28 23:10:52
459,Naze,28.3667,129.4833,79.09,85,11,12.53,JP,2022-06-28 23:10:53
460,Kasiri,8.9412,-13.1148,74.52,91,100,1.59,SL,2022-06-28 23:10:53
461,Hirara,24.8,125.2833,83.23,79,100,20.92,JP,2022-06-28 23:10:54
462,Port Macquarie,-31.4333,152.9167,55.89,67,97,3.6,AU,2022-06-28 23:07:22
463,Salalah,17.0151,54.0924,84.29,89,100,3.44,OM,2022-06-28 23:10:54
464,Pacific Grove,36.6177,-121.9166,78.75,66,0,11.5,US,2022-06-28 23:10:55
465,Bantou,26.2151,117.4893,79.63,85,100,1.5,CN,2022-06-28 23:10:55
466,Zhigalovo,54.8097,105.1578,66.56,94,97,4.0,RU,2022-06-28 23:10:56
467,Singkang,2.1006,102.7994,76.39,91,93,3.31,MY,2022-06-28 23:10:56
468,Bardiyah,31.7561,25.0865,76.19,74,0,12.06,LY,2022-06-28 23:10:56
469,Kalabo,-14.97,22.6814,50.07,86,10,5.84,ZM,2022-06-28 23:10:57
470,Tanout,14.9709,8.8879,92.5,23,92,5.14,NE,2022-06-28 23:10:57
471,Markova,48.6758,24.4138,65.61,61,29,5.53,UA,2022-06-28 23:10:58
472,Smithers,54.7804,-127.1743,63.48,86,100,3.38,CA,2022-06-28 23:10:58
473,Great Yarmouth,52.6083,1.7305,60.94,79,82,10.04,GB,2022-06-28 23:10:59
474,Kodinsk,58.6881,99.1844,59.07,75,3,4.45,RU,2022-06-28 23:10:59
475,Qaqortoq,60.7167,-46.0333,42.35,94,100,1.99,GL,2022-06-28 23:10:59
476,Bouna,9.2667,-3.0,75.42,80,62,4.88,CI,2022-06-28 23:11:00
477,Tornio,65.8481,24.1466,66.22,77,7,11.16,FI,2022-06-28 23:11:00
478,Butka,56.7179,63.7866,43.47,97,89,6.71,RU,2022-06-28 23:11:01
479,Aksha,50.2814,113.2867,72.32,53,55,2.62,RU,2022-06-28 23:11:01
480,Sumkino,58.1108,68.3244,43.75,95,99,6.96,RU,2022-06-28 23:11:02
481,Coquimbo,-29.9533,-71.3436,55.13,82,0,4.61,CL,2022-06-28 23:11:03
482,Moorhead,46.8739,-96.7676,67.98,53,75,11.5,US,2022-06-28 23:11:03
483,Margate,51.3813,1.3862,60.31,82,88,1.99,GB,2022-06-28 23:11:04
484,Gigmoto,13.7796,124.39,79.59,87,100,7.9,PH,2022-06-28 23:11:04
485,El Dorado,38.7666,-120.5177,94.93,21,1,3.0,US,2022-06-28 23:06:36
486,Canon City,38.441,-105.2424,91.56,14,0,6.91,US,2022-06-28 23:11:06
487,Manzhouli,49.6,117.4333,77.36,44,0,5.61,CN,2022-06-28 23:11:06
488,Daoukro,7.0591,-3.9631,72.25,99,99,2.66,CI,2022-06-28 23:11:06
489,Zhuanghe,39.7008,122.9911,71.67,90,100,0.63,CN,2022-06-28 23:11:07
490,Chepareria,1.3077,35.2039,60.8,88,69,2.8,KE,2022-06-28 23:11:08
491,Impfondo,1.6381,18.0667,71.65,89,100,1.05,CG,2022-06-28 23:11:08
492,Media Luna,20.1419,-77.435,84.04,69,45,2.71,CU,2022-06-28 23:11:09
493,Yermish,54.7678,42.2711,49.08,73,0,5.79,RU,2022-06-28 23:06:55
494,Ulladulla,-35.35,150.4667,50.88,61,100,6.8,AU,2022-06-28 23:11:10
495,Rabo De Peixe,37.8,-25.5833,70.29,77,75,8.05,PT,2022-06-28 23:11:11
496,Santa Clara,22.4,-79.9667,73.06,94,75,5.75,CU,2022-06-28 23:11:11
497,San Carlos De Bariloche,-41.1456,-71.3082,36.25,72,100,9.28,AR,2022-06-28 23:11:12
498,Frederico Westphalen,-27.3592,-53.3944,61.45,95,85,7.83,BR,2022-06-28 23:11:12
499,Alofi,-19.0595,-169.9187,82.29,78,75,11.5,NU,2022-06-28 23:06:41
500,Sri Aman,1.2376,111.4621,73.38,98,98,2.19,MY,2022-06-28 23:11:13
501,Baiyin,36.5583,104.2081,67.12,44,1,4.59,CN,2022-06-28 23:11:14
502,Arlit,18.7369,7.3853,95.7,11,13,5.97,NE,2022-06-28 23:11:14
503,Torbay,47.6666,-52.7314,61.54,86,96,11.63,CA,2022-06-28 23:11:15
504,Noumea,-22.2763,166.4572,73.0,99,100,6.96,NC,2022-06-28 23:11:15
505,Buchanan,5.8808,-10.0467,77.2,88,90,2.91,LR,2022-06-28 23:11:16
506,Coahuayana,18.7333,-103.6833,87.67,59,96,6.53,MX,2022-06-28 23:11:16
507,Lufilufi,-13.8745,-171.5986,87.58,75,5,19.86,WS,2022-06-28 23:11:17
508,Magnolia,33.2671,-93.2393,85.87,35,2,7.72,US,2022-06-28 23:11:18
509,Arenapolis,-14.4503,-56.8461,72.61,51,0,3.22,BR,2022-06-28 23:11:18
510,Oxford,51.7522,-1.256,60.96,72,0,9.22,GB,2022-06-28 23:07:32
511,Tiznit,29.5833,-9.5,61.93,83,68,5.3,MA,2022-06-28 23:11:19
512,Bosaso,11.2842,49.1816,90.59,40,97,26.44,SO,2022-06-28 23:11:19
513,Mikkeli,61.6886,27.2723,62.71,59,0,6.91,FI,2022-06-28 23:11:20
514,Mataram,-8.5833,116.1167,74.21,87,62,8.19,ID,2022-06-28 23:11:20
515,George Town,5.4112,100.3354,81.9,87,20,0.0,MY,2022-06-28 23:09:15
516,Ballitoville,-29.539,31.2144,57.24,66,0,4.45,ZA,2022-06-28 23:11:21
517,Talakan,50.3167,130.3667,70.92,75,8,2.62,RU,2022-06-28 23:11:22
518,Acapulco,16.8634,-99.8901,85.82,70,100,4.61,MX,2022-06-28 23:11:22
519,Bratsk,56.1325,101.6142,57.34,74,86,4.05,RU,2022-06-28 23:11:22
520,Goma,-1.6792,29.2228,60.89,77,35,3.11,CD,2022-06-28 23:11:23
521,Nishihara,26.1842,127.7558,83.86,82,40,14.97,JP,2022-06-28 23:11:23
522,Sur,22.5667,59.5289,86.85,67,16,7.27,OM,2022-06-28 23:11:01
523,Havelock,34.8791,-76.9013,80.96,63,100,3.0,US,2022-06-28 23:06:24
524,Manjacaze,-24.7117,33.8828,63.48,68,99,3.33,MZ,2022-06-28 23:11:25
525,Ahipara,-35.1667,173.1667,56.59,86,100,13.18,NZ,2022-06-28 23:10:15
526,Gouyave,12.1646,-61.7296,77.02,90,92,23.26,GD,2022-06-28 23:11:25
527,Saint-Augustin,51.226,-58.6502,65.39,55,86,18.01,CA,2022-06-28 23:11:26
528,Pathein,16.7833,94.7333,78.3,90,100,3.11,MM,2022-06-28 23:08:09
529,Khandyga,62.6667,135.6,63.28,63,69,4.9,RU,2022-06-28 23:11:26
530,Tres Arroyos,-38.3739,-60.2798,50.52,51,4,10.04,AR,2022-06-28 23:09:25
531,Lubbock,33.6001,-101.8338,82.65,44,75,12.66,US,2022-06-28 23:09:49
532,Kviteseid,59.4022,8.4927,52.84,78,16,3.2,NO,2022-06-28 23:11:27
533,Cuiluan,47.72,128.648,71.46,79,15,1.63,CN,2022-06-28 23:11:28
534,Lorengau,-2.0226,147.2712,82.09,77,78,9.82,PG,2022-06-28 23:11:28
535,Nokia,61.4667,23.5,71.58,64,0,11.5,FI,2022-06-28 23:11:29
536,Patterson,37.4716,-121.1297,100.15,8,0,12.19,US,2022-06-28 23:11:29
537,Dwarka,22.2394,68.9678,84.43,79,100,16.37,IN,2022-06-28 23:09:02
538,Luleburgaz,41.4039,27.3592,66.87,77,84,6.85,TR,2022-06-28 23:11:30
539,Autun,46.95,4.3,56.39,78,4,2.42,FR,2022-06-28 23:11:31
540,Calvinia,-31.4707,19.776,51.57,49,0,6.58,ZA,2022-06-28 23:11:31
541,Lloydminster,53.2835,-110.0016,64.72,57,100,10.67,CA,2022-06-28 23:11:06
542,Okhotsk,59.3833,143.3,52.97,84,89,7.07,RU,2022-06-28 23:11:32
543,Walvis Bay,-22.9575,14.5053,71.56,30,0,9.82,NA,2022-06-28 23:11:32
544,Kieta,-6.2167,155.6333,83.41,70,92,6.58,PG,2022-06-28 23:11:33
545,Nyuzen,36.9333,137.5,79.79,62,100,5.08,JP,2022-06-28 23:11:33
546,Salta,-24.7859,-65.4117,48.58,58,0,1.99,AR,2022-06-28 23:11:08
547,Kruisfontein,-34.0033,24.7314,56.23,38,0,7.0,ZA,2022-06-28 23:11:34
548,Escarcega,18.6089,-90.7454,82.9,68,62,3.96,MX,2022-06-28 23:11:34
549,Colares,38.7992,-9.4469,65.28,74,1,30.0,PT,2022-06-28 23:11:35
550,Gushikawa,26.3544,127.8686,83.79,82,0,12.66,JP,2022-06-28 23:11:35
551,Caceres,39.522,-6.3748,66.54,33,0,8.25,ES,2022-06-28 23:11:36
552,Mayo,38.8876,-76.5119,81.36,55,0,6.91,US,2022-06-28 23:11:26
553,Riyadh,24.6877,46.7219,86.14,14,91,11.92,SA,2022-06-28 23:09:36
554,Lethem,3.3803,-59.7968,75.07,87,92,3.36,GY,2022-06-28 23:12:36
555,Kidal,18.4411,1.4078,92.39,25,40,8.88,ML,2022-06-28 23:12:37
556,Male,4.1748,73.5089,82.51,76,32,11.68,MV,2022-06-28 23:12:37
557,Estelle,29.8458,-90.1067,88.0,66,75,13.8,US,2022-06-28 23:12:38
558,Southampton,50.904,-1.4043,61.9,78,100,5.99,GB,2022-06-28 23:09:45
559,Yeppoon,-23.1333,150.7333,60.58,80,100,15.48,AU,2022-06-28 23:12:38
560,Mehamn,71.0357,27.8492,62.55,88,18,0.0,NO,2022-06-28 23:11:29
561,Cremlingen,52.25,10.65,61.21,67,86,2.3,DE,2022-06-28 23:12:39
562,Wynyard,-41.0,145.7167,47.98,89,100,4.79,AU,2022-06-28 23:12:39
563,Touros,-5.1989,-35.4608,75.36,89,6,10.8,BR,2022-06-28 23:12:40
564,Port Hardy,50.6996,-127.4199,58.32,87,98,5.03,CA,2022-06-28 23:12:40
565,Yancheng,33.3856,120.1253,81.95,80,29,4.36,CN,2022-06-28 23:12:41
566,Fasa,28.9383,53.6482,81.91,19,2,2.46,IR,2022-06-28 23:12:41
567,Irbil,36.1926,44.0106,75.02,23,0,2.3,IQ,2022-06-28 23:12:41
